<?xml version="1.0" encoding="UTF-8"?>
<project-private xmlns="http://www.netbeans.org/ns/project-private/1">
    <editor-bookmarks xmlns="http://www.netbeans.org/ns/editor-bookmarks/2" lastBookmarkId="0"/>
    <open-files xmlns="http://www.netbeans.org/ns/projectui-open-files/2">
        <group>
            <file>file:/C:/Users/Doriann/OneDrive/Documentos/NetBeansProjects/cafeteria/src/pe/edu/upeu/index.java</file>
            <file>file:/C:/Users/Doriann/OneDrive/Documentos/NetBeansProjects/cafeteria/src/pe/edu/upeu/vista/login.java</file>
            <file>file:/C:/Users/Doriann/OneDrive/Documentos/NetBeansProjects/cafeteria/src/pe/edu/upeu/vista/crearusuario.java</file>
            <file>file:/C:/Users/Doriann/OneDrive/Documentos/NetBeansProjects/cafeteria/src/pe/edu/upeu/vista/pedido/listarPedido.java</file>
            <file>file:/C:/Users/Doriann/OneDrive/Documentos/NetBeansProjects/cafeteria/src/pe/edu/upeu/implementation/UsuarioDaoImpl.java</file>
            <file>file:/C:/Users/Doriann/OneDrive/Documentos/NetBeansProjects/cafeteria/src/pe/edu/upeu/interfaces/iUsuarioDao.java</file>
            <file>file:/C:/Users/Doriann/OneDrive/Documentos/NetBeansProjects/cafeteria/src/pe/edu/upeu/vista/iniciousuario.java</file>
            <file>file:/C:/Users/Doriann/OneDrive/Documentos/NetBeansProjects/cafeteria/src/pe/edu/upeu/model/pedido.java</file>
            <file>file:/C:/Users/Doriann/OneDrive/Documentos/NetBeansProjects/cafeteria/src/pe/edu/upeu/vista/pedido/editarPedido.java</file>
            <file>file:/C:/Users/Doriann/OneDrive/Documentos/NetBeansProjects/cafeteria/src/pe/edu/upeu/vista/panelCatalogo.java</file>
            <file>file:/C:/Users/Doriann/OneDrive/Documentos/NetBeansProjects/cafeteria/src/pe/edu/upeu/vista/catalogo/listarcatalogo.java</file>
            <file>file:/C:/Users/Doriann/OneDrive/Documentos/NetBeansProjects/cafeteria/src/pe/edu/upeu/vista/paneladmin.java</file>
            <file>file:/C:/Users/Doriann/OneDrive/Documentos/NetBeansProjects/cafeteria/src/pe/edu/upeu/vista/catalogo/listarcatalogousuario.java</file>
            <file>file:/C:/Users/Doriann/OneDrive/Documentos/NetBeansProjects/cafeteria/src/pe/edu/upeu/vista/panelUsuarios.java</file>
            <file>file:/C:/Users/Doriann/OneDrive/Documentos/NetBeansProjects/cafeteria/src/pe/edu/upeu/implementation/CatalogoDaoImpl.java</file>
            <file>file:/C:/Users/Doriann/OneDrive/Documentos/NetBeansProjects/cafeteria/test/Test/TestBD.java</file>
            <file>file:/C:/Users/Doriann/OneDrive/Documentos/NetBeansProjects/cafeteria/src/pe/edu/upeu/vista/usuario/editarUsuario.java</file>
            <file>file:/C:/Users/Doriann/OneDrive/Documentos/NetBeansProjects/cafeteria/test/Test/PedidoTest.java</file>
            <file>file:/C:/Users/Doriann/OneDrive/Documentos/NetBeansProjects/cafeteria/src/pe/edu/upeu/utils/ConexionBD.java</file>
            <file>file:/C:/Users/Doriann/OneDrive/Documentos/NetBeansProjects/cafeteria/src/pe/edu/upeu/vista/usuario/agregarUsuario.java</file>
            <file>file:/C:/Users/Doriann/OneDrive/Documentos/NetBeansProjects/cafeteria/src/pe/edu/upeu/vista/catalogo/agregarCatalogo.java</file>
        </group>
    </open-files>
</project-private>
